[{"actID":0,"policy_type":"gratuita","reimb_percentage":1},{"actID":0,"policy_type":"comparticipada","reimb_percentage":0.8},{"actID":0,"policy_type":"apoiada","reimb_percentage":0.5},{"actID":0,"policy_type":"limitada","reimb_percentage":0.2},{"actID":1,"policy_type":"gratuita","reimb_percentage":1},{"actID":1,"policy_type":"comparticipada","reimb_percentage":0.8},{"actID":1,"policy_type":"apoiada","reimb_percentage":0.5},{"actID":1,"policy_type":"limitada","reimb_percentage":0.2},{"actID":2,"policy_type":"gratuita","reimb_percentage":1},{"actID":2,"policy_type":"comparticipada","reimb_percentage":0.8},{"actID":2,"policy_type":"apoiada","reimb_percentage":0.5},{"actID":2,"policy_type":"limitada","reimb_percentage":0.2},{"actID":3,"policy_type":"gratuita","reimb_percentage":1},{"actID":3,"policy_type":"comparticipada","reimb_percentage":0.8},{"actID":3,"policy_type":"apoiada","reimb_percentage":0.5},{"actID":3,"policy_type":"limitada","reimb_percentage":0.2},{"actID":4,"policy_type":"gratuita","reimb_percentage":1},{"actID":4,"policy_type":"comparticipada","reimb_percentage":0.8},{"actID":4,"policy_type":"apoiada","reimb_percentage":0.5},{"actID":4,"policy_type":"limitada","reimb_percentage":0.2},{"actID":5,"policy_type":"gratuita","reimb_percentage":1},{"actID":5,"policy_type":"comparticipada","reimb_percentage":0.8},{"actID":5,"policy_type":"apoiada","reimb_percentage":0.5},{"actID":5,"policy_type":"limitada","reimb_percentage":0.2},{"actID":6,"policy_type":"gratuita","reimb_percentage":1},{"actID":6,"policy_type":"comparticipada","reimb_percentage":0.8},{"actID":6,"policy_type":"apoiada","reimb_percentage":0.5},{"actID":6,"policy_type":"limitada","reimb_percentage":0.2}]