[{"docID":0,"name":"Carolina Martins","speciality":"Clínica Geral","user":"doc0","pass":"pass"},{"docID":1,"name":"João Santos","speciality":"Ortopedia","user":"doc1","pass":"pass"},{"docID":2,"name":"Ana Santos","speciality":"Ortopedia","user":"doc2","pass":"pass"},{"docID":3,"name":"Rodrigo Ferreira","speciality":"Neurocirurgia","user":"doc3","pass":"pass"},{"docID":4,"name":"Mariana Costa","speciality":"Neurocirurgia","user":"doc4","pass":"pass"},{"docID":5,"name":"Maria Ferreira","speciality":"Psiquiatria","user":"doc5","pass":"pass"},{"docID":6,"name":"Martim Pereira","speciality":"Cardiologia","user":"doc6","pass":"pass"},{"docID":7,"name":"João Costa","speciality":"Neurocirurgia","user":"doc7","pass":"pass"},{"docID":8,"name":"Leonor Ferreira","speciality":"Cardiologia","user":"doc8","pass":"pass"},{"docID":9,"name":"Tomás Santos","speciality":"Cardiologia","user":"doc9","pass":"pass"}]