[{"medID":0,"name":"Tomás Silva","user":"med0","pass":"pass"},{"medID":1,"name":"Francisco Costa","user":"med1","pass":"pass"},{"medID":2,"name":"João Ferreira","user":"med2","pass":"pass"},{"medID":3,"name":"Ana Pereira","user":"med3","pass":"pass"},{"medID":4,"name":"João Ferreira","user":"med4","pass":"pass"},{"medID":5,"name":"Guilherme Pereira","user":"med5","pass":"pass"},{"medID":6,"name":"Matilde Silva","user":"med6","pass":"pass"},{"medID":7,"name":"Beatriz Silva","user":"med7","pass":"pass"},{"medID":8,"name":"Martim Ferreira","user":"med8","pass":"pass"},{"medID":9,"name":"Santiago Santos","user":"med9","pass":"pass"}]