[{"patID":0,"name":"Rodrigo Silva","policy_number":1000,"policy_type":2},{"patID":1,"name":"Rodrigo Pereira","policy_number":1001,"policy_type":3},{"patID":2,"name":"Leonor Santos","policy_number":1002,"policy_type":0},{"patID":3,"name":"Ana Costa","policy_number":1003,"policy_type":2},{"patID":4,"name":"Guilherme Ferreira","policy_number":1004,"policy_type":2},{"patID":5,"name":"João Oliveira","policy_number":1005,"policy_type":3},{"patID":6,"name":"Santiago Santos","policy_number":1006,"policy_type":3},{"patID":7,"name":"Maria Santos","policy_number":1007,"policy_type":1},{"patID":8,"name":"Guilherme Silva","policy_number":1008,"policy_type":1},{"patID":9,"name":"Matilde Pereira","policy_number":1009,"policy_type":0},{"patID":10,"name":"Tomás Ferreira","policy_number":1010,"policy_type":1},{"patID":11,"name":"Martim Santos","policy_number":1011,"policy_type":2},{"patID":12,"name":"Rodrigo Santos","policy_number":1012,"policy_type":1},{"patID":13,"name":"Carolina Ferreira","policy_number":1013,"policy_type":0},{"patID":14,"name":"Francisco Silva","policy_number":1014,"policy_type":0},{"patID":15,"name":"Maria Ferreira","policy_number":1015,"policy_type":0},{"patID":16,"name":"Martim Oliveira","policy_number":1016,"policy_type":2},{"patID":17,"name":"Mariana Costa","policy_number":1017,"policy_type":0},{"patID":18,"name":"Beatriz Martins","policy_number":1018,"policy_type":1},{"patID":19,"name":"Ana Pereira","policy_number":1019,"policy_type":3}]