[{"repID":0,"date":"24/12/2008","docID":5,"patID":0,"actID":4,"actual_reimb_perc":0.5},{"repID":1,"date":"15/9/2002","docID":3,"patID":0,"actID":1,"actual_reimb_perc":0.5},{"repID":2,"date":"24/8/2003","docID":8,"patID":0,"actID":3,"actual_reimb_perc":0.5},{"repID":3,"date":"24/8/2013","docID":7,"patID":0,"actID":6,"actual_reimb_perc":0.5},{"repID":4,"date":"6/3/2009","docID":0,"patID":0,"actID":6,"actual_reimb_perc":0.5},{"repID":5,"date":"29/10/2015","docID":1,"patID":1,"actID":2,"actual_reimb_perc":0.2},{"repID":6,"date":"23/9/2001","docID":5,"patID":1,"actID":4,"actual_reimb_perc":0.2},{"repID":7,"date":"3/5/2004","docID":9,"patID":1,"actID":6,"actual_reimb_perc":0.2},{"repID":8,"date":"18/9/2011","docID":7,"patID":1,"actID":4,"actual_reimb_perc":0.2},{"repID":9,"date":"9/2/2009","docID":4,"patID":1,"actID":4,"actual_reimb_perc":0.2},{"repID":10,"date":"16/5/2003","docID":8,"patID":2,"actID":2,"actual_reimb_perc":1},{"repID":11,"date":"11/3/2002","docID":1,"patID":2,"actID":5,"actual_reimb_perc":1},{"repID":12,"date":"14/11/2015","docID":8,"patID":2,"actID":2,"actual_reimb_perc":1},{"repID":13,"date":"9/3/2011","docID":9,"patID":2,"actID":2,"actual_reimb_perc":1},{"repID":14,"date":"17/4/2010","docID":0,"patID":2,"actID":6,"actual_reimb_perc":1},{"repID":15,"date":"2/11/2014","docID":5,"patID":3,"actID":4,"actual_reimb_perc":0.5},{"repID":16,"date":"10/11/2001","docID":1,"patID":3,"actID":3,"actual_reimb_perc":0.5},{"repID":17,"date":"16/9/2005","docID":7,"patID":3,"actID":2,"actual_reimb_perc":0.5},{"repID":18,"date":"2/10/2012","docID":1,"patID":3,"actID":4,"actual_reimb_perc":0.5},{"repID":19,"date":"6/12/2003","docID":7,"patID":3,"actID":4,"actual_reimb_perc":0.5},{"repID":20,"date":"15/4/2003","docID":3,"patID":4,"actID":2,"actual_reimb_perc":0.5},{"repID":21,"date":"23/2/2013","docID":0,"patID":4,"actID":5,"actual_reimb_perc":0.5},{"repID":22,"date":"8/9/2006","docID":5,"patID":4,"actID":3,"actual_reimb_perc":0.5},{"repID":23,"date":"7/2/2013","docID":8,"patID":4,"actID":0,"actual_reimb_perc":0.5},{"repID":24,"date":"5/5/2010","docID":2,"patID":4,"actID":1,"actual_reimb_perc":0.5},{"repID":25,"date":"21/11/2013","docID":7,"patID":5,"actID":1,"actual_reimb_perc":0.2},{"repID":26,"date":"14/9/2009","docID":0,"patID":5,"actID":5,"actual_reimb_perc":0.2},{"repID":27,"date":"28/6/2003","docID":1,"patID":5,"actID":1,"actual_reimb_perc":0.2},{"repID":28,"date":"18/8/2009","docID":1,"patID":5,"actID":4,"actual_reimb_perc":0.2},{"repID":29,"date":"11/7/2002","docID":4,"patID":5,"actID":2,"actual_reimb_perc":0.2},{"repID":30,"date":"8/5/2012","docID":6,"patID":6,"actID":0,"actual_reimb_perc":0.2},{"repID":31,"date":"10/11/2011","docID":5,"patID":6,"actID":6,"actual_reimb_perc":0.2},{"repID":32,"date":"5/1/2005","docID":8,"patID":6,"actID":1,"actual_reimb_perc":0.2},{"repID":33,"date":"15/11/2008","docID":5,"patID":6,"actID":0,"actual_reimb_perc":0.2},{"repID":34,"date":"14/5/2001","docID":6,"patID":6,"actID":4,"actual_reimb_perc":0.2},{"repID":35,"date":"2/9/2011","docID":0,"patID":7,"actID":1,"actual_reimb_perc":0.8},{"repID":36,"date":"20/4/2011","docID":3,"patID":7,"actID":5,"actual_reimb_perc":0.8},{"repID":37,"date":"2/5/2013","docID":9,"patID":7,"actID":5,"actual_reimb_perc":0.8},{"repID":38,"date":"3/1/2004","docID":8,"patID":7,"actID":2,"actual_reimb_perc":0.8},{"repID":39,"date":"13/12/2011","docID":8,"patID":7,"actID":5,"actual_reimb_perc":0.8},{"repID":40,"date":"18/6/2010","docID":0,"patID":8,"actID":3,"actual_reimb_perc":0.8},{"repID":41,"date":"27/9/2005","docID":6,"patID":8,"actID":4,"actual_reimb_perc":0.8},{"repID":42,"date":"13/9/2005","docID":4,"patID":8,"actID":4,"actual_reimb_perc":0.8},{"repID":43,"date":"14/12/2006","docID":9,"patID":8,"actID":6,"actual_reimb_perc":0.8},{"repID":44,"date":"28/8/2008","docID":7,"patID":8,"actID":0,"actual_reimb_perc":0.8},{"repID":45,"date":"18/4/2007","docID":0,"patID":9,"actID":1,"actual_reimb_perc":1},{"repID":46,"date":"8/10/2012","docID":4,"patID":9,"actID":5,"actual_reimb_perc":1},{"repID":47,"date":"14/6/2007","docID":3,"patID":9,"actID":4,"actual_reimb_perc":1},{"repID":48,"date":"2/1/2013","docID":5,"patID":9,"actID":4,"actual_reimb_perc":1},{"repID":49,"date":"18/6/2001","docID":6,"patID":9,"actID":0,"actual_reimb_perc":1},{"repID":50,"date":"17/12/2009","docID":5,"patID":10,"actID":4,"actual_reimb_perc":0.8},{"repID":51,"date":"13/8/2003","docID":0,"patID":10,"actID":0,"actual_reimb_perc":0.8},{"repID":52,"date":"13/3/2001","docID":6,"patID":10,"actID":4,"actual_reimb_perc":0.8},{"repID":53,"date":"23/12/2011","docID":6,"patID":10,"actID":5,"actual_reimb_perc":0.8},{"repID":54,"date":"12/1/2005","docID":0,"patID":10,"actID":1,"actual_reimb_perc":0.8},{"repID":55,"date":"11/8/2015","docID":4,"patID":11,"actID":6,"actual_reimb_perc":0.5},{"repID":56,"date":"25/11/2005","docID":5,"patID":11,"actID":0,"actual_reimb_perc":0.5},{"repID":57,"date":"8/10/2009","docID":9,"patID":11,"actID":1,"actual_reimb_perc":0.5},{"repID":58,"date":"12/8/2014","docID":1,"patID":11,"actID":1,"actual_reimb_perc":0.5},{"repID":59,"date":"15/4/2003","docID":3,"patID":11,"actID":0,"actual_reimb_perc":0.5},{"repID":60,"date":"17/4/2014","docID":3,"patID":12,"actID":3,"actual_reimb_perc":0.8},{"repID":61,"date":"15/6/2005","docID":6,"patID":12,"actID":5,"actual_reimb_perc":0.8},{"repID":62,"date":"7/12/2004","docID":2,"patID":12,"actID":3,"actual_reimb_perc":0.8},{"repID":63,"date":"22/11/2010","docID":8,"patID":12,"actID":0,"actual_reimb_perc":0.8},{"repID":64,"date":"19/2/2013","docID":8,"patID":12,"actID":0,"actual_reimb_perc":0.8},{"repID":65,"date":"21/8/2004","docID":0,"patID":13,"actID":4,"actual_reimb_perc":1},{"repID":66,"date":"8/2/2014","docID":4,"patID":13,"actID":3,"actual_reimb_perc":1},{"repID":67,"date":"24/2/2015","docID":5,"patID":13,"actID":3,"actual_reimb_perc":1},{"repID":68,"date":"7/6/2007","docID":7,"patID":13,"actID":4,"actual_reimb_perc":1},{"repID":69,"date":"14/5/2014","docID":1,"patID":13,"actID":0,"actual_reimb_perc":1},{"repID":70,"date":"28/3/2003","docID":2,"patID":14,"actID":0,"actual_reimb_perc":1},{"repID":71,"date":"7/3/2002","docID":4,"patID":14,"actID":6,"actual_reimb_perc":1},{"repID":72,"date":"19/9/2010","docID":7,"patID":14,"actID":0,"actual_reimb_perc":1},{"repID":73,"date":"21/11/2013","docID":6,"patID":14,"actID":5,"actual_reimb_perc":1},{"repID":74,"date":"14/9/2005","docID":7,"patID":14,"actID":0,"actual_reimb_perc":1},{"repID":75,"date":"18/6/2006","docID":2,"patID":15,"actID":3,"actual_reimb_perc":1},{"repID":76,"date":"27/2/2005","docID":4,"patID":15,"actID":1,"actual_reimb_perc":1},{"repID":77,"date":"6/8/2005","docID":8,"patID":15,"actID":5,"actual_reimb_perc":1},{"repID":78,"date":"6/8/2012","docID":1,"patID":15,"actID":3,"actual_reimb_perc":1},{"repID":79,"date":"12/12/2006","docID":2,"patID":15,"actID":2,"actual_reimb_perc":1},{"repID":80,"date":"22/8/2012","docID":4,"patID":16,"actID":0,"actual_reimb_perc":0.5},{"repID":81,"date":"26/8/2001","docID":2,"patID":16,"actID":1,"actual_reimb_perc":0.5},{"repID":82,"date":"6/6/2001","docID":8,"patID":16,"actID":6,"actual_reimb_perc":0.5},{"repID":83,"date":"19/5/2015","docID":6,"patID":16,"actID":1,"actual_reimb_perc":0.5},{"repID":84,"date":"7/12/2005","docID":8,"patID":16,"actID":1,"actual_reimb_perc":0.5},{"repID":85,"date":"6/6/2007","docID":5,"patID":17,"actID":0,"actual_reimb_perc":1},{"repID":86,"date":"2/5/2004","docID":5,"patID":17,"actID":0,"actual_reimb_perc":1},{"repID":87,"date":"8/9/2003","docID":9,"patID":17,"actID":1,"actual_reimb_perc":1},{"repID":88,"date":"28/9/2008","docID":0,"patID":17,"actID":0,"actual_reimb_perc":1},{"repID":89,"date":"7/6/2005","docID":8,"patID":17,"actID":5,"actual_reimb_perc":1},{"repID":90,"date":"24/2/2004","docID":2,"patID":18,"actID":1,"actual_reimb_perc":0.8},{"repID":91,"date":"15/3/2003","docID":4,"patID":18,"actID":2,"actual_reimb_perc":0.8},{"repID":92,"date":"5/5/2012","docID":1,"patID":18,"actID":1,"actual_reimb_perc":0.8},{"repID":93,"date":"20/1/2001","docID":3,"patID":18,"actID":4,"actual_reimb_perc":0.8},{"repID":94,"date":"11/4/2011","docID":2,"patID":18,"actID":3,"actual_reimb_perc":0.8},{"repID":95,"date":"14/1/2014","docID":1,"patID":19,"actID":5,"actual_reimb_perc":0.2},{"repID":96,"date":"28/6/2007","docID":7,"patID":19,"actID":6,"actual_reimb_perc":0.2},{"repID":97,"date":"13/11/2004","docID":1,"patID":19,"actID":4,"actual_reimb_perc":0.2},{"repID":98,"date":"23/7/2002","docID":1,"patID":19,"actID":6,"actual_reimb_perc":0.2},{"repID":99,"date":"6/1/2001","docID":4,"patID":19,"actID":1,"actual_reimb_perc":0.2}]