[{"reqID":0,"repID":99,"status":"REJECTED"},{"reqID":1,"repID":98,"status":"REJECTED"},{"reqID":2,"repID":97,"status":"ACCEPTED"},{"reqID":3,"repID":96,"status":"ACCEPTED"},{"reqID":4,"repID":95,"status":"REJECTED"},{"reqID":5,"repID":94,"status":"PENDING"},{"reqID":6,"repID":93,"status":"PENDING"},{"reqID":7,"repID":92,"status":"ACCEPTED"},{"reqID":8,"repID":91,"status":"REJECTED"},{"reqID":9,"repID":90,"status":"ACCEPTED"},{"reqID":10,"repID":89,"status":"ACCEPTED"},{"reqID":11,"repID":88,"status":"PENDING"},{"reqID":12,"repID":87,"status":"ACCEPTED"},{"reqID":13,"repID":86,"status":"REQUESTED"},{"reqID":14,"repID":85,"status":"REQUESTED"},{"reqID":15,"repID":84,"status":"ACCEPTED"},{"reqID":16,"repID":83,"status":"REJECTED"},{"reqID":17,"repID":82,"status":"PENDING"},{"reqID":18,"repID":81,"status":"ACCEPTED"},{"reqID":19,"repID":80,"status":"PENDING"},{"reqID":20,"repID":79,"status":"ACCEPTED"},{"reqID":21,"repID":78,"status":"REJECTED"},{"reqID":22,"repID":77,"status":"PENDING"},{"reqID":23,"repID":76,"status":"ACCEPTED"},{"reqID":24,"repID":75,"status":"REJECTED"},{"reqID":25,"repID":74,"status":"REQUESTED"},{"reqID":26,"repID":73,"status":"REQUESTED"},{"reqID":27,"repID":72,"status":"ACCEPTED"},{"reqID":28,"repID":71,"status":"REQUESTED"},{"reqID":29,"repID":70,"status":"ACCEPTED"},{"reqID":30,"repID":69,"status":"ACCEPTED"},{"reqID":31,"repID":68,"status":"PENDING"},{"reqID":32,"repID":67,"status":"PENDING"},{"reqID":33,"repID":66,"status":"PENDING"},{"reqID":34,"repID":65,"status":"REJECTED"},{"reqID":35,"repID":64,"status":"REJECTED"},{"reqID":36,"repID":63,"status":"PENDING"},{"reqID":37,"repID":62,"status":"REQUESTED"},{"reqID":38,"repID":61,"status":"REQUESTED"},{"reqID":39,"repID":60,"status":"PENDING"},{"reqID":40,"repID":59,"status":"REQUESTED"},{"reqID":41,"repID":58,"status":"REJECTED"},{"reqID":42,"repID":57,"status":"REQUESTED"},{"reqID":43,"repID":56,"status":"PENDING"},{"reqID":44,"repID":55,"status":"PENDING"},{"reqID":45,"repID":54,"status":"REQUESTED"},{"reqID":46,"repID":53,"status":"REQUESTED"},{"reqID":47,"repID":52,"status":"REQUESTED"},{"reqID":48,"repID":51,"status":"REJECTED"},{"reqID":49,"repID":50,"status":"REQUESTED"},{"reqID":50,"repID":49,"status":"REQUESTED"},{"reqID":51,"repID":48,"status":"ACCEPTED"},{"reqID":52,"repID":47,"status":"PENDING"},{"reqID":53,"repID":46,"status":"PENDING"},{"reqID":54,"repID":45,"status":"REJECTED"},{"reqID":55,"repID":44,"status":"REJECTED"},{"reqID":56,"repID":43,"status":"PENDING"},{"reqID":57,"repID":42,"status":"ACCEPTED"},{"reqID":58,"repID":41,"status":"REJECTED"},{"reqID":59,"repID":40,"status":"REJECTED"},{"reqID":60,"repID":39,"status":"REQUESTED"},{"reqID":61,"repID":38,"status":"REQUESTED"},{"reqID":62,"repID":37,"status":"PENDING"},{"reqID":63,"repID":36,"status":"REQUESTED"},{"reqID":64,"repID":35,"status":"REQUESTED"},{"reqID":65,"repID":34,"status":"REJECTED"},{"reqID":66,"repID":33,"status":"PENDING"},{"reqID":67,"repID":32,"status":"ACCEPTED"},{"reqID":68,"repID":31,"status":"REQUESTED"},{"reqID":69,"repID":30,"status":"PENDING"},{"reqID":70,"repID":29,"status":"REQUESTED"},{"reqID":71,"repID":28,"status":"REJECTED"},{"reqID":72,"repID":27,"status":"REJECTED"},{"reqID":73,"repID":26,"status":"REJECTED"},{"reqID":74,"repID":25,"status":"PENDING"},{"reqID":75,"repID":24,"status":"REJECTED"},{"reqID":76,"repID":23,"status":"ACCEPTED"},{"reqID":77,"repID":22,"status":"PENDING"},{"reqID":78,"repID":21,"status":"ACCEPTED"},{"reqID":79,"repID":20,"status":"ACCEPTED"},{"reqID":80,"repID":19,"status":"REJECTED"},{"reqID":81,"repID":18,"status":"ACCEPTED"},{"reqID":82,"repID":17,"status":"PENDING"},{"reqID":83,"repID":16,"status":"REQUESTED"},{"reqID":84,"repID":15,"status":"REQUESTED"},{"reqID":85,"repID":14,"status":"PENDING"},{"reqID":86,"repID":13,"status":"REJECTED"},{"reqID":87,"repID":12,"status":"PENDING"},{"reqID":88,"repID":11,"status":"PENDING"},{"reqID":89,"repID":10,"status":"ACCEPTED"},{"reqID":90,"repID":9,"status":"ACCEPTED"},{"reqID":91,"repID":8,"status":"REQUESTED"},{"reqID":92,"repID":7,"status":"ACCEPTED"},{"reqID":93,"repID":6,"status":"REJECTED"},{"reqID":94,"repID":5,"status":"REJECTED"},{"reqID":95,"repID":4,"status":"REQUESTED"},{"reqID":96,"repID":3,"status":"ACCEPTED"},{"reqID":97,"repID":2,"status":"ACCEPTED"},{"reqID":98,"repID":1,"status":"REQUESTED"},{"reqID":99,"repID":0,"status":"ACCEPTED"}]