[{"reqID":0,"repID":99,"status":3},{"reqID":1,"repID":98,"status":3},{"reqID":2,"repID":97,"status":0},{"reqID":3,"repID":96,"status":2},{"reqID":4,"repID":95,"status":3},{"reqID":5,"repID":94,"status":3},{"reqID":6,"repID":93,"status":1},{"reqID":7,"repID":92,"status":2},{"reqID":8,"repID":91,"status":0},{"reqID":9,"repID":90,"status":0},{"reqID":10,"repID":89,"status":3},{"reqID":11,"repID":88,"status":2},{"reqID":12,"repID":87,"status":1},{"reqID":13,"repID":86,"status":1},{"reqID":14,"repID":85,"status":1},{"reqID":15,"repID":84,"status":0},{"reqID":16,"repID":83,"status":3},{"reqID":17,"repID":82,"status":0},{"reqID":18,"repID":81,"status":0},{"reqID":19,"repID":80,"status":2},{"reqID":20,"repID":79,"status":1},{"reqID":21,"repID":78,"status":0},{"reqID":22,"repID":77,"status":1},{"reqID":23,"repID":76,"status":1},{"reqID":24,"repID":75,"status":3},{"reqID":25,"repID":74,"status":2},{"reqID":26,"repID":73,"status":2},{"reqID":27,"repID":72,"status":3},{"reqID":28,"repID":71,"status":3},{"reqID":29,"repID":70,"status":1},{"reqID":30,"repID":69,"status":0},{"reqID":31,"repID":68,"status":3},{"reqID":32,"repID":67,"status":3},{"reqID":33,"repID":66,"status":3},{"reqID":34,"repID":65,"status":0},{"reqID":35,"repID":64,"status":3},{"reqID":36,"repID":63,"status":3},{"reqID":37,"repID":62,"status":3},{"reqID":38,"repID":61,"status":3},{"reqID":39,"repID":60,"status":1},{"reqID":40,"repID":59,"status":2},{"reqID":41,"repID":58,"status":3},{"reqID":42,"repID":57,"status":0},{"reqID":43,"repID":56,"status":2},{"reqID":44,"repID":55,"status":0},{"reqID":45,"repID":54,"status":1},{"reqID":46,"repID":53,"status":2},{"reqID":47,"repID":52,"status":1},{"reqID":48,"repID":51,"status":3},{"reqID":49,"repID":50,"status":0},{"reqID":50,"repID":49,"status":3},{"reqID":51,"repID":48,"status":1},{"reqID":52,"repID":47,"status":1},{"reqID":53,"repID":46,"status":1},{"reqID":54,"repID":45,"status":2},{"reqID":55,"repID":44,"status":2},{"reqID":56,"repID":43,"status":1},{"reqID":57,"repID":42,"status":1},{"reqID":58,"repID":41,"status":0},{"reqID":59,"repID":40,"status":1},{"reqID":60,"repID":39,"status":0},{"reqID":61,"repID":38,"status":1},{"reqID":62,"repID":37,"status":0},{"reqID":63,"repID":36,"status":0},{"reqID":64,"repID":35,"status":1},{"reqID":65,"repID":34,"status":1},{"reqID":66,"repID":33,"status":3},{"reqID":67,"repID":32,"status":1},{"reqID":68,"repID":31,"status":2},{"reqID":69,"repID":30,"status":0},{"reqID":70,"repID":29,"status":0},{"reqID":71,"repID":28,"status":3},{"reqID":72,"repID":27,"status":0},{"reqID":73,"repID":26,"status":3},{"reqID":74,"repID":25,"status":0},{"reqID":75,"repID":24,"status":0},{"reqID":76,"repID":23,"status":0},{"reqID":77,"repID":22,"status":2},{"reqID":78,"repID":21,"status":0},{"reqID":79,"repID":20,"status":3},{"reqID":80,"repID":19,"status":3},{"reqID":81,"repID":18,"status":1},{"reqID":82,"repID":17,"status":2},{"reqID":83,"repID":16,"status":3},{"reqID":84,"repID":15,"status":3},{"reqID":85,"repID":14,"status":0},{"reqID":86,"repID":13,"status":3},{"reqID":87,"repID":12,"status":2},{"reqID":88,"repID":11,"status":2},{"reqID":89,"repID":10,"status":2},{"reqID":90,"repID":9,"status":3},{"reqID":91,"repID":8,"status":0},{"reqID":92,"repID":7,"status":2},{"reqID":93,"repID":6,"status":2},{"reqID":94,"repID":5,"status":0},{"reqID":95,"repID":4,"status":3},{"reqID":96,"repID":3,"status":3},{"reqID":97,"repID":2,"status":0},{"reqID":98,"repID":1,"status":1},{"reqID":99,"repID":0,"status":2}]